<?xml version="1.0" encoding="UTF-8"?>
<!DOCTYPE mapper
        PUBLIC "-//mybatis.org//DTD Mapper 3.0//EN"
        "http://mybatis.org/dtd/mybatis-3-mapper.dtd">
<mapper namespace="com.panle.mapper.DloadfileMapper">
    <insert id="insert" parameterType="com.panle.pojo.Dloadfile">
        insert into pan.dloadfile (hid,uid,fid,time,uname,fname) values(#{hid},#{uid},#{fid},#{time},#{uname},#{fname})
    </insert>
    <update id="update" parameterType="com.panle.pojo.Dloadfile">
        update pan.dloadfile set uid = #{uid}, fid = #{fid},time=#{time}  , uname = #{uname} , fname=#{fname}     where hid = #{hid}
    </update>
    <delete id="deleteByPrimaryKey">
        delete from pan.dloadfile where hid = #{hid}
    </delete>
    <select id="queryDloadfileByFName" parameterType="String" resultType="com.panle.pojo.Dloadfile">
        select * from pan.dloadfile where fname =#{fname}
    </select>
    <select id="queryDloadfileByUName" parameterType="String" resultType="com.panle.pojo.Dloadfile">
        select * from pan.dloadfile where uname =#{uname}
    </select>
    <select id="findAll" parameterType="com.panle.pojo.File" resultType="com.panle.pojo.Dloadfile">
        select * from pan.dloadfile
    </select>
    <select id="selectByPrimaryKey" resultType="com.panle.pojo.Dloadfile">
        select * from pan.dloadfile where hid =#{hid}
    </select>
</mapper>