<?xml version="1.0" encoding="UTF-8"?>
<!DOCTYPE mapper
        PUBLIC "-//mybatis.org//DTD Mapper 3.0//EN"
        "http://mybatis.org/dtd/mybatis-3-mapper.dtd">
<mapper namespace="com.panle.mapper.FileMapper">
    <insert id="insert" parameterType="com.panle.pojo.File">
        insert into pan.file (id,name,path,time,uper,size,type) values(#{id},#{name},#{path},#{time},#{uper},#{size},#{type})
    </insert>
    <update id="update" parameterType="com.panle.pojo.File">
        update pan.file set name = #{name}, path = #{path},time=#{time}  , uper = #{uper} , size=#{size}, type=#{type}     where id = #{id}
    </update>
    <delete id="deleteByPrimaryKey">
        delete from pan.file where id = #{id}
    </delete>
    <select id="queryFileByName" parameterType="String" resultType="com.panle.pojo.File">
        select * from pan.file where name =#{name}
    </select>
    <select id="findAll" parameterType="com.panle.pojo.File" resultType="com.panle.pojo.File">
        select * from pan.file
    </select>
    <select id="selectByPrimaryKey" resultType="com.panle.pojo.File">
        select * from pan.file where id =#{id}
    </select>
</mapper>