<?xml version="1.0" encoding="UTF-8"?>
<!DOCTYPE mapper
        PUBLIC "-//mybatis.org//DTD Mapper 3.0//EN"
        "http://mybatis.org/dtd/mybatis-3-mapper.dtd">
<mapper namespace="com.panle.mapper.UserMapper">
    <insert id="insert" parameterType="com.panle.pojo.User">
        insert into pan.user (id,name,password,btime,sex,email,phone) values(#{id},#{name},#{password},#{btime},#{sex},#{email},#{phone})
    </insert>
    <update id="update" parameterType="com.panle.pojo.User">
        update pan.user set name = #{name}, password = #{password},btime=#{btime}  , sex = #{sex} , email=#{email}, phone=#{phone}     where id = #{id}
    </update>
    <delete id="deleteByPrimaryKey">
        delete from pan.user where id = #{id}
    </delete>
    <select id="queryUserByName" parameterType="String" resultType="com.panle.pojo.User">
        select * from pan.user where name =#{name}
    </select>
    <select id="findAll" parameterType="com.panle.pojo.User" resultType="com.panle.pojo.User">
        select * from pan.user
    </select>
    <select id="selectByPrimaryKey" resultType="com.panle.pojo.User">
        select * from pan.user where id =#{id}
    </select>
</mapper>